,Dloss,Floss,target_acc
0,1.2863093813260396,0.4310042371352514,0.10166666656732559
